{
  "metrics": {
    "mae_q50": 0.03172907485096718,
    "rmse_q50": 0.04853933164795168,
    "mape_q50": 0.9220417083658073,
    "smape_q50": 3.4847407252694462,
    "coverage_rate": 0.0,
    "range_width": 0.0,
    "range_width_pct": 0.0,
    "directional_accuracy": 0.5588235294117647
  },
  "warnings": [
    "⚠ Coverage가 낮습니다: 0.0% (목표: 90.0%)"
  ],
  "timestamp": "2026-03-09T08:52:43.168625"
}