mae_q50,rmse_q50,mape_q50,smape_q50,coverage_rate,range_width,range_width_pct,directional_accuracy
0.01802019254112899,0.025331438283121312,1.004315483352615,3.5747273370925723,0.0,0.0,0.0,0.47045454545454546
